{"Layer_1": {"weight": [-0.910425927788419, 1.4091622010643399, -0.4873018820389369, 1.0238665754970309, 0.27501509464684165, 0.1120349213786547, -0.45857193639197374, -0.1707824421078775, 0.38800793419087537, -0.08621299949025388, -0.2599167567614822, 0.2059993372122711], "bias": [0.3005858234198134, -0.7564440229197722, 0.09519515889048541, -0.18871034592946637]}, "Layer_2": {"weight": [-0.600047390947431, 0.8380065337645358, -1.3150411798213724, -0.08172736165562063, -1.1474312064889869, 1.7032140721126219, 0.33933047980529435, 0.5180168467311244, -0.16367046816256653, -0.26128448108131225, -1.009975069355277, 1.4425105105359632], "bias": [-0.30382462329381876, 0.548930098182763, -0.8951223460493217]}, "Layer_3": {"weight": [0.2506586072147514, -2.3928520380602736, 4.394194149795021], "bias": [-1.7795716727395472]}}